{"cameraMode":{"drawMode":0,"name":"Shaded","section":"Shading Mode"},"sceneLighting":false,"audioPlay":false,"sceneViewState":{"m_AlwaysRefresh":false,"showFog":true,"showSkybox":false,"showFlares":true,"showImageEffects":true,"showParticleSystems":true,"showVisualEffectGraphs":true,"m_FxEnabled":true},"in2DMode":false,"pivot":{"x":8.679798126220704,"y":1.7532449960708619,"z":-1.7599923610687256},"rotation":{"x":0.050445448607206348,"y":-0.7274648547172546,"z":0.05379042774438858,"w":0.6821874976158142},"size":3.8641090393066408,"orthographic":false}