{"cameraMode":{"drawMode":0,"name":"Shaded","section":"Shading Mode"},"sceneLighting":false,"audioPlay":false,"sceneViewState":{"m_AlwaysRefresh":false,"showFog":true,"showSkybox":false,"showFlares":true,"showImageEffects":true,"showParticleSystems":true,"showVisualEffectGraphs":true,"m_FxEnabled":true},"in2DMode":false,"pivot":{"x":23.675403594970704,"y":0.388942688703537,"z":1.2205504179000855},"rotation":{"x":-0.006618637125939131,"y":0.7028610706329346,"z":-0.006548149045556784,"w":-0.7113080024719238},"size":0.8660253882408142,"orthographic":false}